id_prueba,tipo,clasificacion_real,resultado_esperado,ubicacion_final,origen,destino,observaciones
OR01,open_relay_test,relay_denied,bloqueado,rechazado,[EMAIL_REDACTED],[EMAIL_REDACTED],Intento de relay no autenticado rechazado por Postfix con 454 4.7.1 Relay access denied; origen externo [IP_REDACTED]; helo pruebaexterna.local
AUTO-SOC-0001,open_relay_test,relay_denied,bloqueado,rechazado,[EMAIL_REDACTED],[EMAIL_REDACTED],Detectado automaticamente en syslog: Jun 28 15:05:03 mail postfix/smtpd[70818]: NOQUEUE: reject: RCPT from 22.red-88-18-47.staticip.rima-tde.net[[IP_REDACTED]]: 454 4.7.1 <[EMAIL_REDACTED]>: Relay access denied; from=<[EMAIL_REDACTED]> to=<[EMAIL_REDACTED]> proto=ESMTP helo=<pruebaexterna.local>
AUTO-SOC-0002,auth_fail,auth_fail,bloqueado,rechazado,no_aplica,no_aplica,Detectado automaticamente en syslog: Jun 28 15:10:53 mail postfix/submission/smtpd[71314]: warning: localhost[[IP_REDACTED]]: SASL PLAIN authentication failed: 
AUTO-SOC-0003,auth_fail,auth_fail,bloqueado,rechazado,no_aplica,no_aplica,Detectado automaticamente en syslog: Jun 28 15:14:37 mail postfix/submission/smtpd[71687]: warning: localhost[[IP_REDACTED]]: SASL PLAIN authentication failed: 
TLS01,tls_starttls_smtp,tls_ok,seguro,tls_ok,mail.phisdefense.com:587,mail.phisdefense.com,Validacion TLS automatica; verify_return_code=0 ok; Protocol  : TLSv1.3; Cipher    : TLS_AES_256_GCM_SHA384; log=[INTERNAL_PATH_REDACTED]
TLS02,tls_imaps,tls_ok,seguro,tls_ok,mail.phisdefense.com:993,mail.phisdefense.com,Validacion TLS automatica; verify_return_code=0 ok; Protocol  : TLSv1.3; Cipher    : TLS_AES_256_GCM_SHA384; log=[INTERNAL_PATH_REDACTED]
AUTO-SOC-0004,auth_fail,auth_fail,bloqueado,rechazado,no_aplica,no_aplica,Detectado automaticamente en syslog: Jun 28 15:26:11 mail postfix/submission/smtpd[72872]: warning: localhost[[IP_REDACTED]]: SASL PLAIN authentication failed: 
AUTO-SOC-0005,recipient_unknown,recipient_unknown,bloqueado,rechazado,[EMAIL_REDACTED],usuarioinexistente@phisdefense.com,Detectado automaticamente en syslog: Jun 28 15:34:18 mail postfix/smtpd[74172]: NOQUEUE: reject: RCPT from 22.red-88-18-47.staticip.rima-tde.net[[IP_REDACTED]]: 550 5.1.1 <usuarioinexistente@phisdefense.com>: Recipient address rejected: User unknown in local recipient table; from=<[EMAIL_REDACTED]> to=<usuarioinexistente@phisdefense.com> proto=ESMTP helo=<rcpt01.local>
AUTO-SOC-0006,auth_fail,auth_fail,bloqueado,rechazado,no_aplica,no_aplica,Detectado automaticamente en syslog: Jun 28 15:38:33 mail postfix/submission/smtpd[72872]: warning: localhost[[IP_REDACTED]]: SASL PLAIN authentication failed: 
SMTPAUTH01,smtp_auth_success,smtp_auth_success,permitido,enviado,smtp_tfm@phisdefense.com,[EMAIL_REDACTED],Envio autenticado correcto mediante puerto 587 STARTTLS SASL AUTH PLAIN; queue_id BF6B443E06; status sent hacia Gmail
DKIMR01,dkim_rotation,dkim_rotation_success,permitido,enviado,s2026._domainkey.phisdefense.com,[EMAIL_REDACTED],Rotacion DKIM correcta; selector antiguo default mantenido; selector nuevo s2026 publicado y validado con opendkim-testkey key secure key OK; correo firmado con s2026; queue_id 1C4B843E40; status sent hacia Gmail
DKIMNEG01,dkim_broken,dkim_fail_expected,fallo_dkim,enviado,sbroken._domainkey.phisdefense.com,[EMAIL_REDACTED],Fallo DKIM controlado: selector sbroken firmado con clave privada distinta a la clave publica publicada en DNS; SigningTable restaurada a s2026 tras la prueba
AUTO-SOC-0007,spoofing_reject,spoofing,spoofing,rechazado,spoofspf@phisdefense.com,dmarc@phisdefense.com,Detectado automaticamente en syslog: Jun 28 19:17:27 mail postfix/cleanup[100118]: 7957F43EA4: milter-reject: END-OF-MESSAGE from [IP_REDACTED].dyn.user.ono.com[[IP_REDACTED]]: 5.7.1 rejected by DMARC policy for phisdefense.com; from=<spoofspf@phisdefense.com> to=<dmarc@phisdefense.com> proto=ESMTP helo=<spfneg01.local>
SPFNEG01,spf_fail,spf_fail_expected,bloqueado,rechazado,spoofspf@phisdefense.com,dmarc@phisdefense.com,Intento de uso no autorizado de phisdefense.com desde IP externa [IP_REDACTED] no incluida en SPF; OpenDMARC registro SPF(mailfrom): phisdefense.com fail; rechazo DMARC p=reject; queue_id 7957F43EA4
DKIMNEG02,dkim_absent,dkim_absent_controlled,permitido,enviado,smtp_tfm@phisdefense.com,[EMAIL_REDACTED],Correo autenticado enviado sin firma DKIM por SigningTable temporal sin coincidencia; queue_id DC63C43EC2; status sent hacia Gmail; no aparece DKIM-Signature field added para ese queue_id; SigningTable restaurada a s2026 tras la prueba
LOOKALIKE01,lookalike_domain,lookalike_domain_detected,sospechoso,maildir,[EMAIL_REDACTED],dmarc@phisdefense.com,Dominio parecido phisdefence.com frente a phisdefense.com; OpenDMARC registro SPF(mailfrom): phisdefence.com none; mensaje entregado localmente; queue_id 7060343ED7; evidencia de riesgo typosquatting/lookalike
AUTO-SOC-0008,open_relay_test,relay_denied,bloqueado,rechazado,[EMAIL_REDACTED],[EMAIL_REDACTED],Detectado automaticamente en syslog: Jul  2 09:46:25 mail postfix/smtpd[506802]: NOQUEUE: reject: RCPT from unknown[[IP_REDACTED]]: 454 4.7.1 <[EMAIL_REDACTED]>: Relay access denied; from=<[EMAIL_REDACTED]> to=<[EMAIL_REDACTED]> proto=ESMTP helo=<[[IP_REDACTED]]>
AUTO-SOC-0009,auth_fail,auth_fail,bloqueado,rechazado,no_aplica,no_aplica,Detectado automaticamente en syslog: Jul  2 16:44:45 mail postfix/submission/smtpd[532962]: warning: localhost[[IP_REDACTED]]: SASL PLAIN authentication failed: 
AUTO-SOC-0010,auth_fail,auth_fail,bloqueado,rechazado,no_aplica,no_aplica,Detectado automaticamente en syslog: Jul  2 16:44:53 mail postfix/submission/smtpd[532962]: warning: localhost[[IP_REDACTED]]: SASL PLAIN authentication failed: 
AUTO-SOC-0011,auth_fail,auth_fail,bloqueado,rechazado,no_aplica,no_aplica,Detectado automaticamente en syslog: Jul  2 16:44:58 mail postfix/submission/smtpd[541990]: warning: localhost[[IP_REDACTED]]: SASL PLAIN authentication failed: 
AUTO-SOC-0012,auth_fail,auth_fail,bloqueado,rechazado,no_aplica,no_aplica,Detectado automaticamente en syslog: Jul  2 16:45:05 mail postfix/submission/smtpd[532962]: warning: localhost[[IP_REDACTED]]: SASL PLAIN authentication failed: 
AUTO-SOC-0013,auth_fail,auth_fail,bloqueado,rechazado,no_aplica,no_aplica,Detectado automaticamente en syslog: Jul  2 16:45:07 mail postfix/submission/smtpd[541990]: warning: localhost[[IP_REDACTED]]: SASL PLAIN authentication failed: 
AUTO-SOC-0014,recipient_unknown,recipient_unknown,bloqueado,rechazado,dmarc@phisdefense.com,noexiste-real-001@phisdefense.com,Detectado automaticamente en syslog: Jul  2 16:45:07 mail postfix/smtpd[541979]: NOQUEUE: reject: RCPT from localhost[[IP_REDACTED]]: 550 5.1.1 <noexiste-real-001@phisdefense.com>: Recipient address rejected: User unknown in local recipient table; from=<dmarc@phisdefense.com> to=<noexiste-real-001@phisdefense.com> proto=ESMTP helo=<tfm-real.local>
AUTO-SOC-0015,recipient_unknown,recipient_unknown,bloqueado,rechazado,dmarc@phisdefense.com,noexiste-real-002@phisdefense.com,Detectado automaticamente en syslog: Jul  2 16:45:07 mail postfix/smtpd[541984]: NOQUEUE: reject: RCPT from localhost[[IP_REDACTED]]: 550 5.1.1 <noexiste-real-002@phisdefense.com>: Recipient address rejected: User unknown in local recipient table; from=<dmarc@phisdefense.com> to=<noexiste-real-002@phisdefense.com> proto=ESMTP helo=<tfm-real.local>
AUTO-SOC-0016,recipient_unknown,recipient_unknown,bloqueado,rechazado,dmarc@phisdefense.com,noexiste-real-003@phisdefense.com,Detectado automaticamente en syslog: Jul  2 16:45:07 mail postfix/smtpd[541979]: NOQUEUE: reject: RCPT from localhost[[IP_REDACTED]]: 550 5.1.1 <noexiste-real-003@phisdefense.com>: Recipient address rejected: User unknown in local recipient table; from=<dmarc@phisdefense.com> to=<noexiste-real-003@phisdefense.com> proto=ESMTP helo=<tfm-real.local>
AUTO-SOC-0017,recipient_unknown,recipient_unknown,bloqueado,rechazado,dmarc@phisdefense.com,noexiste-real-004@phisdefense.com,Detectado automaticamente en syslog: Jul  2 16:45:07 mail postfix/smtpd[541984]: NOQUEUE: reject: RCPT from localhost[[IP_REDACTED]]: 550 5.1.1 <noexiste-real-004@phisdefense.com>: Recipient address rejected: User unknown in local recipient table; from=<dmarc@phisdefense.com> to=<noexiste-real-004@phisdefense.com> proto=ESMTP helo=<tfm-real.local>
AUTO-SOC-0018,recipient_unknown,recipient_unknown,bloqueado,rechazado,dmarc@phisdefense.com,noexiste-real-005@phisdefense.com,Detectado automaticamente en syslog: Jul  2 16:45:07 mail postfix/smtpd[541984]: NOQUEUE: reject: RCPT from localhost[[IP_REDACTED]]: 550 5.1.1 <noexiste-real-005@phisdefense.com>: Recipient address rejected: User unknown in local recipient table; from=<dmarc@phisdefense.com> to=<noexiste-real-005@phisdefense.com> proto=ESMTP helo=<tfm-real.local>
AUTO-SOC-0019,auth_fail,auth_fail,bloqueado,rechazado,no_aplica,no_aplica,Detectado automaticamente en syslog: Jul  2 18:15:36 mail postfix/submission/smtpd[543002]: warning: localhost[[IP_REDACTED]]: SASL PLAIN authentication failed: 
AUTO-SOC-0020,auth_fail,auth_fail,bloqueado,rechazado,no_aplica,no_aplica,Detectado automaticamente en syslog: Jul  2 18:15:44 mail postfix/submission/smtpd[543002]: warning: localhost[[IP_REDACTED]]: SASL PLAIN authentication failed: 
AUTO-SOC-0021,auth_fail,auth_fail,bloqueado,rechazado,no_aplica,no_aplica,Detectado automaticamente en syslog: Jul  2 18:15:51 mail postfix/submission/smtpd[550929]: warning: localhost[[IP_REDACTED]]: SASL PLAIN authentication failed: 
AUTO-SOC-0022,auth_fail,auth_fail,bloqueado,rechazado,no_aplica,no_aplica,Detectado automaticamente en syslog: Jul  2 18:15:55 mail postfix/submission/smtpd[543002]: warning: localhost[[IP_REDACTED]]: SASL PLAIN authentication failed: 
AUTO-SOC-0023,recipient_unknown,recipient_unknown,bloqueado,rechazado,dmarc@phisdefense.com,noexiste-soc-real-181532-001@phisdefense.com,Detectado automaticamente en syslog: Jul  2 18:15:55 mail postfix/smtpd[550915]: NOQUEUE: reject: RCPT from localhost[[IP_REDACTED]]: 550 5.1.1 <noexiste-soc-real-181532-001@phisdefense.com>: Recipient address rejected: User unknown in local recipient table; from=<dmarc@phisdefense.com> to=<noexiste-soc-real-181532-001@phisdefense.com> proto=ESMTP helo=<tfm-soc-real.local>
AUTO-SOC-0024,recipient_unknown,recipient_unknown,bloqueado,rechazado,dmarc@phisdefense.com,noexiste-soc-real-181532-002@phisdefense.com,Detectado automaticamente en syslog: Jul  2 18:15:55 mail postfix/smtpd[550920]: NOQUEUE: reject: RCPT from localhost[[IP_REDACTED]]: 550 5.1.1 <noexiste-soc-real-181532-002@phisdefense.com>: Recipient address rejected: User unknown in local recipient table; from=<dmarc@phisdefense.com> to=<noexiste-soc-real-181532-002@phisdefense.com> proto=ESMTP helo=<tfm-soc-real.local>
AUTO-SOC-0025,recipient_unknown,recipient_unknown,bloqueado,rechazado,dmarc@phisdefense.com,noexiste-soc-real-181532-003@phisdefense.com,Detectado automaticamente en syslog: Jul  2 18:15:55 mail postfix/smtpd[550915]: NOQUEUE: reject: RCPT from localhost[[IP_REDACTED]]: 550 5.1.1 <noexiste-soc-real-181532-003@phisdefense.com>: Recipient address rejected: User unknown in local recipient table; from=<dmarc@phisdefense.com> to=<noexiste-soc-real-181532-003@phisdefense.com> proto=ESMTP helo=<tfm-soc-real.local>
AUTO-SOC-0026,recipient_unknown,recipient_unknown,bloqueado,rechazado,dmarc@phisdefense.com,noexiste-soc-real-181532-004@phisdefense.com,Detectado automaticamente en syslog: Jul  2 18:15:55 mail postfix/smtpd[550920]: NOQUEUE: reject: RCPT from localhost[[IP_REDACTED]]: 550 5.1.1 <noexiste-soc-real-181532-004@phisdefense.com>: Recipient address rejected: User unknown in local recipient table; from=<dmarc@phisdefense.com> to=<noexiste-soc-real-181532-004@phisdefense.com> proto=ESMTP helo=<tfm-soc-real.local>
AUTO-SOC-0027,recipient_unknown,recipient_unknown,bloqueado,rechazado,dmarc@phisdefense.com,noexiste-soc-real-181532-005@phisdefense.com,Detectado automaticamente en syslog: Jul  2 18:15:55 mail postfix/smtpd[550920]: NOQUEUE: reject: RCPT from localhost[[IP_REDACTED]]: 550 5.1.1 <noexiste-soc-real-181532-005@phisdefense.com>: Recipient address rejected: User unknown in local recipient table; from=<dmarc@phisdefense.com> to=<noexiste-soc-real-181532-005@phisdefense.com> proto=ESMTP helo=<tfm-soc-real.local>
AUTO-SOC-0028,auth_fail,auth_fail,bloqueado,rechazado,no_aplica,no_aplica,Detectado automaticamente en syslog: Jul  2 18:48:09 mail postfix/submission/smtpd[553044]: warning: localhost[[IP_REDACTED]]: SASL PLAIN authentication failed: 
AUTO-SOC-0029,auth_fail,auth_fail,bloqueado,rechazado,no_aplica,no_aplica,Detectado automaticamente en syslog: Jul  2 18:48:18 mail postfix/submission/smtpd[553044]: warning: localhost[[IP_REDACTED]]: SASL PLAIN authentication failed: 
AUTO-SOC-0030,auth_fail,auth_fail,bloqueado,rechazado,no_aplica,no_aplica,Detectado automaticamente en syslog: Jul  2 18:48:25 mail postfix/submission/smtpd[553044]: warning: localhost[[IP_REDACTED]]: SASL PLAIN authentication failed: 
AUTO-SOC-0031,auth_fail,auth_fail,bloqueado,rechazado,no_aplica,no_aplica,Detectado automaticamente en syslog: Jul  2 18:48:29 mail postfix/submission/smtpd[553044]: warning: localhost[[IP_REDACTED]]: SASL PLAIN authentication failed: 
AUTO-SOC-0032,auth_fail,auth_fail,bloqueado,rechazado,no_aplica,no_aplica,Detectado automaticamente en syslog: Jul  2 18:48:33 mail postfix/submission/smtpd[553044]: warning: localhost[[IP_REDACTED]]: SASL PLAIN authentication failed: 
AUTO-SOC-0033,auth_fail,auth_fail,bloqueado,rechazado,no_aplica,no_aplica,Detectado automaticamente en syslog: Jul  2 18:48:37 mail postfix/submission/smtpd[553044]: warning: localhost[[IP_REDACTED]]: SASL PLAIN authentication failed: 
AUTO-SOC-0034,auth_fail,auth_fail,bloqueado,rechazado,no_aplica,no_aplica,Detectado automaticamente en syslog: Jul  2 18:48:41 mail postfix/submission/smtpd[553044]: warning: localhost[[IP_REDACTED]]: SASL PLAIN authentication failed: 
AUTO-SOC-0035,auth_fail,auth_fail,bloqueado,rechazado,no_aplica,no_aplica,Detectado automaticamente en syslog: Jul  2 18:48:44 mail postfix/submission/smtpd[553044]: warning: localhost[[IP_REDACTED]]: SASL PLAIN authentication failed: 
AUTO-SOC-0036,auth_fail,auth_fail,bloqueado,rechazado,no_aplica,no_aplica,Detectado automaticamente en syslog: Jul  2 18:48:47 mail postfix/submission/smtpd[553044]: warning: localhost[[IP_REDACTED]]: SASL PLAIN authentication failed: 
AUTO-SOC-0037,auth_fail,auth_fail,bloqueado,rechazado,no_aplica,no_aplica,Detectado automaticamente en syslog: Jul  2 18:48:51 mail postfix/submission/smtpd[553044]: warning: localhost[[IP_REDACTED]]: SASL PLAIN authentication failed: 
AUTO-SOC-0038,auth_fail,auth_fail,bloqueado,rechazado,no_aplica,no_aplica,Detectado automaticamente en syslog: Jul  2 18:48:55 mail postfix/submission/smtpd[553044]: warning: localhost[[IP_REDACTED]]: SASL PLAIN authentication failed: 
AUTO-SOC-0039,auth_fail,auth_fail,bloqueado,rechazado,no_aplica,no_aplica,Detectado automaticamente en syslog: Jul  2 18:48:59 mail postfix/submission/smtpd[553044]: warning: localhost[[IP_REDACTED]]: SASL PLAIN authentication failed: 
AUTO-SOC-0040,auth_fail,auth_fail,bloqueado,rechazado,no_aplica,no_aplica,Detectado automaticamente en syslog: Jul  2 18:49:02 mail postfix/submission/smtpd[553044]: warning: localhost[[IP_REDACTED]]: SASL PLAIN authentication failed: 
AUTO-SOC-0041,auth_fail,auth_fail,bloqueado,rechazado,no_aplica,no_aplica,Detectado automaticamente en syslog: Jul  2 18:49:06 mail postfix/submission/smtpd[554589]: warning: localhost[[IP_REDACTED]]: SASL PLAIN authentication failed: 
AUTO-SOC-0042,auth_fail,auth_fail,bloqueado,rechazado,no_aplica,no_aplica,Detectado automaticamente en syslog: Jul  2 18:49:10 mail postfix/submission/smtpd[553044]: warning: localhost[[IP_REDACTED]]: SASL PLAIN authentication failed: 
AUTO-SOC-0043,auth_fail,auth_fail,bloqueado,rechazado,no_aplica,no_aplica,Detectado automaticamente en syslog: Jul  2 18:49:13 mail postfix/submission/smtpd[554589]: warning: localhost[[IP_REDACTED]]: SASL PLAIN authentication failed: 
AUTO-SOC-0044,auth_fail,auth_fail,bloqueado,rechazado,no_aplica,no_aplica,Detectado automaticamente en syslog: Jul  2 18:49:17 mail postfix/submission/smtpd[553044]: warning: localhost[[IP_REDACTED]]: SASL PLAIN authentication failed: 
AUTO-SOC-0045,auth_fail,auth_fail,bloqueado,rechazado,no_aplica,no_aplica,Detectado automaticamente en syslog: Jul  2 18:49:20 mail postfix/submission/smtpd[554589]: warning: localhost[[IP_REDACTED]]: SASL PLAIN authentication failed: 
AUTO-SOC-0046,auth_fail,auth_fail,bloqueado,rechazado,no_aplica,no_aplica,Detectado automaticamente en syslog: Jul  2 18:49:23 mail postfix/submission/smtpd[553044]: warning: localhost[[IP_REDACTED]]: SASL PLAIN authentication failed: 
AUTO-SOC-0047,auth_fail,auth_fail,bloqueado,rechazado,no_aplica,no_aplica,Detectado automaticamente en syslog: Jul  2 18:49:27 mail postfix/submission/smtpd[554589]: warning: localhost[[IP_REDACTED]]: SASL PLAIN authentication failed: 
AUTO-SOC-0048,recipient_unknown,recipient_unknown,bloqueado,rechazado,dmarc@phisdefense.com,noexiste-mas-soc-184805-001@phisdefense.com,Detectado automaticamente en syslog: Jul  2 18:49:27 mail postfix/smtpd[554677]: NOQUEUE: reject: RCPT from localhost[[IP_REDACTED]]: 550 5.1.1 <noexiste-mas-soc-184805-001@phisdefense.com>: Recipient address rejected: User unknown in local recipient table; from=<dmarc@phisdefense.com> to=<noexiste-mas-soc-184805-001@phisdefense.com> proto=ESMTP helo=<tfm-soc-real.local>
AUTO-SOC-0049,recipient_unknown,recipient_unknown,bloqueado,rechazado,dmarc@phisdefense.com,noexiste-mas-soc-184805-002@phisdefense.com,Detectado automaticamente en syslog: Jul  2 18:49:27 mail postfix/smtpd[554677]: NOQUEUE: reject: RCPT from localhost[[IP_REDACTED]]: 550 5.1.1 <noexiste-mas-soc-184805-002@phisdefense.com>: Recipient address rejected: User unknown in local recipient table; from=<dmarc@phisdefense.com> to=<noexiste-mas-soc-184805-002@phisdefense.com> proto=ESMTP helo=<tfm-soc-real.local>
AUTO-SOC-0050,recipient_unknown,recipient_unknown,bloqueado,rechazado,dmarc@phisdefense.com,noexiste-mas-soc-184805-003@phisdefense.com,Detectado automaticamente en syslog: Jul  2 18:49:27 mail postfix/smtpd[554677]: NOQUEUE: reject: RCPT from localhost[[IP_REDACTED]]: 550 5.1.1 <noexiste-mas-soc-184805-003@phisdefense.com>: Recipient address rejected: User unknown in local recipient table; from=<dmarc@phisdefense.com> to=<noexiste-mas-soc-184805-003@phisdefense.com> proto=ESMTP helo=<tfm-soc-real.local>
AUTO-SOC-0051,recipient_unknown,recipient_unknown,bloqueado,rechazado,dmarc@phisdefense.com,noexiste-mas-soc-184805-004@phisdefense.com,Detectado automaticamente en syslog: Jul  2 18:49:27 mail postfix/smtpd[554677]: NOQUEUE: reject: RCPT from localhost[[IP_REDACTED]]: 550 5.1.1 <noexiste-mas-soc-184805-004@phisdefense.com>: Recipient address rejected: User unknown in local recipient table; from=<dmarc@phisdefense.com> to=<noexiste-mas-soc-184805-004@phisdefense.com> proto=ESMTP helo=<tfm-soc-real.local>
AUTO-SOC-0052,recipient_unknown,recipient_unknown,bloqueado,rechazado,dmarc@phisdefense.com,noexiste-mas-soc-184805-005@phisdefense.com,Detectado automaticamente en syslog: Jul  2 18:49:27 mail postfix/smtpd[554677]: NOQUEUE: reject: RCPT from localhost[[IP_REDACTED]]: 550 5.1.1 <noexiste-mas-soc-184805-005@phisdefense.com>: Recipient address rejected: User unknown in local recipient table; from=<dmarc@phisdefense.com> to=<noexiste-mas-soc-184805-005@phisdefense.com> proto=ESMTP helo=<tfm-soc-real.local>
AUTO-SOC-0053,recipient_unknown,recipient_unknown,bloqueado,rechazado,dmarc@phisdefense.com,noexiste-mas-soc-184805-006@phisdefense.com,Detectado automaticamente en syslog: Jul  2 18:49:27 mail postfix/smtpd[554677]: NOQUEUE: reject: RCPT from localhost[[IP_REDACTED]]: 550 5.1.1 <noexiste-mas-soc-184805-006@phisdefense.com>: Recipient address rejected: User unknown in local recipient table; from=<dmarc@phisdefense.com> to=<noexiste-mas-soc-184805-006@phisdefense.com> proto=ESMTP helo=<tfm-soc-real.local>
AUTO-SOC-0054,recipient_unknown,recipient_unknown,bloqueado,rechazado,dmarc@phisdefense.com,noexiste-mas-soc-184805-007@phisdefense.com,Detectado automaticamente en syslog: Jul  2 18:49:27 mail postfix/smtpd[554677]: NOQUEUE: reject: RCPT from localhost[[IP_REDACTED]]: 550 5.1.1 <noexiste-mas-soc-184805-007@phisdefense.com>: Recipient address rejected: User unknown in local recipient table; from=<dmarc@phisdefense.com> to=<noexiste-mas-soc-184805-007@phisdefense.com> proto=ESMTP helo=<tfm-soc-real.local>
AUTO-SOC-0055,recipient_unknown,recipient_unknown,bloqueado,rechazado,dmarc@phisdefense.com,noexiste-mas-soc-184805-008@phisdefense.com,Detectado automaticamente en syslog: Jul  2 18:49:27 mail postfix/smtpd[554677]: NOQUEUE: reject: RCPT from localhost[[IP_REDACTED]]: 550 5.1.1 <noexiste-mas-soc-184805-008@phisdefense.com>: Recipient address rejected: User unknown in local recipient table; from=<dmarc@phisdefense.com> to=<noexiste-mas-soc-184805-008@phisdefense.com> proto=ESMTP helo=<tfm-soc-real.local>
AUTO-SOC-0056,recipient_unknown,recipient_unknown,bloqueado,rechazado,dmarc@phisdefense.com,noexiste-mas-soc-184805-009@phisdefense.com,Detectado automaticamente en syslog: Jul  2 18:49:27 mail postfix/smtpd[554677]: NOQUEUE: reject: RCPT from localhost[[IP_REDACTED]]: 550 5.1.1 <noexiste-mas-soc-184805-009@phisdefense.com>: Recipient address rejected: User unknown in local recipient table; from=<dmarc@phisdefense.com> to=<noexiste-mas-soc-184805-009@phisdefense.com> proto=ESMTP helo=<tfm-soc-real.local>
AUTO-SOC-0057,recipient_unknown,recipient_unknown,bloqueado,rechazado,dmarc@phisdefense.com,noexiste-mas-soc-184805-010@phisdefense.com,Detectado automaticamente en syslog: Jul  2 18:49:27 mail postfix/smtpd[554677]: NOQUEUE: reject: RCPT from localhost[[IP_REDACTED]]: 550 5.1.1 <noexiste-mas-soc-184805-010@phisdefense.com>: Recipient address rejected: User unknown in local recipient table; from=<dmarc@phisdefense.com> to=<noexiste-mas-soc-184805-010@phisdefense.com> proto=ESMTP helo=<tfm-soc-real.local>
AUTO-SOC-0058,recipient_unknown,recipient_unknown,bloqueado,rechazado,dmarc@phisdefense.com,noexiste-mas-soc-184805-011@phisdefense.com,Detectado automaticamente en syslog: Jul  2 18:49:27 mail postfix/smtpd[554677]: NOQUEUE: reject: RCPT from localhost[[IP_REDACTED]]: 550 5.1.1 <noexiste-mas-soc-184805-011@phisdefense.com>: Recipient address rejected: User unknown in local recipient table; from=<dmarc@phisdefense.com> to=<noexiste-mas-soc-184805-011@phisdefense.com> proto=ESMTP helo=<tfm-soc-real.local>
AUTO-SOC-0059,recipient_unknown,recipient_unknown,bloqueado,rechazado,dmarc@phisdefense.com,noexiste-mas-soc-184805-012@phisdefense.com,Detectado automaticamente en syslog: Jul  2 18:49:27 mail postfix/smtpd[554677]: NOQUEUE: reject: RCPT from localhost[[IP_REDACTED]]: 550 5.1.1 <noexiste-mas-soc-184805-012@phisdefense.com>: Recipient address rejected: User unknown in local recipient table; from=<dmarc@phisdefense.com> to=<noexiste-mas-soc-184805-012@phisdefense.com> proto=ESMTP helo=<tfm-soc-real.local>
AUTO-SOC-0060,recipient_unknown,recipient_unknown,bloqueado,rechazado,dmarc@phisdefense.com,noexiste-mas-soc-184805-013@phisdefense.com,Detectado automaticamente en syslog: Jul  2 18:49:27 mail postfix/smtpd[554677]: NOQUEUE: reject: RCPT from localhost[[IP_REDACTED]]: 550 5.1.1 <noexiste-mas-soc-184805-013@phisdefense.com>: Recipient address rejected: User unknown in local recipient table; from=<dmarc@phisdefense.com> to=<noexiste-mas-soc-184805-013@phisdefense.com> proto=ESMTP helo=<tfm-soc-real.local>
AUTO-SOC-0061,recipient_unknown,recipient_unknown,bloqueado,rechazado,dmarc@phisdefense.com,noexiste-mas-soc-184805-014@phisdefense.com,Detectado automaticamente en syslog: Jul  2 18:49:27 mail postfix/smtpd[554677]: NOQUEUE: reject: RCPT from localhost[[IP_REDACTED]]: 550 5.1.1 <noexiste-mas-soc-184805-014@phisdefense.com>: Recipient address rejected: User unknown in local recipient table; from=<dmarc@phisdefense.com> to=<noexiste-mas-soc-184805-014@phisdefense.com> proto=ESMTP helo=<tfm-soc-real.local>
AUTO-SOC-0062,recipient_unknown,recipient_unknown,bloqueado,rechazado,dmarc@phisdefense.com,noexiste-mas-soc-184805-015@phisdefense.com,Detectado automaticamente en syslog: Jul  2 18:49:27 mail postfix/smtpd[554677]: NOQUEUE: reject: RCPT from localhost[[IP_REDACTED]]: 550 5.1.1 <noexiste-mas-soc-184805-015@phisdefense.com>: Recipient address rejected: User unknown in local recipient table; from=<dmarc@phisdefense.com> to=<noexiste-mas-soc-184805-015@phisdefense.com> proto=ESMTP helo=<tfm-soc-real.local>
AUTO-SOC-0063,recipient_unknown,recipient_unknown,bloqueado,rechazado,dmarc@phisdefense.com,noexiste-mas-soc-184805-016@phisdefense.com,Detectado automaticamente en syslog: Jul  2 18:49:27 mail postfix/smtpd[554677]: NOQUEUE: reject: RCPT from localhost[[IP_REDACTED]]: 550 5.1.1 <noexiste-mas-soc-184805-016@phisdefense.com>: Recipient address rejected: User unknown in local recipient table; from=<dmarc@phisdefense.com> to=<noexiste-mas-soc-184805-016@phisdefense.com> proto=ESMTP helo=<tfm-soc-real.local>
AUTO-SOC-0064,recipient_unknown,recipient_unknown,bloqueado,rechazado,dmarc@phisdefense.com,noexiste-mas-soc-184805-017@phisdefense.com,Detectado automaticamente en syslog: Jul  2 18:49:27 mail postfix/smtpd[554680]: NOQUEUE: reject: RCPT from localhost[[IP_REDACTED]]: 550 5.1.1 <noexiste-mas-soc-184805-017@phisdefense.com>: Recipient address rejected: User unknown in local recipient table; from=<dmarc@phisdefense.com> to=<noexiste-mas-soc-184805-017@phisdefense.com> proto=ESMTP helo=<tfm-soc-real.local>
AUTO-SOC-0065,recipient_unknown,recipient_unknown,bloqueado,rechazado,dmarc@phisdefense.com,noexiste-mas-soc-184805-018@phisdefense.com,Detectado automaticamente en syslog: Jul  2 18:49:27 mail postfix/smtpd[554677]: NOQUEUE: reject: RCPT from localhost[[IP_REDACTED]]: 550 5.1.1 <noexiste-mas-soc-184805-018@phisdefense.com>: Recipient address rejected: User unknown in local recipient table; from=<dmarc@phisdefense.com> to=<noexiste-mas-soc-184805-018@phisdefense.com> proto=ESMTP helo=<tfm-soc-real.local>
AUTO-SOC-0066,recipient_unknown,recipient_unknown,bloqueado,rechazado,dmarc@phisdefense.com,noexiste-mas-soc-184805-019@phisdefense.com,Detectado automaticamente en syslog: Jul  2 18:49:27 mail postfix/smtpd[554677]: NOQUEUE: reject: RCPT from localhost[[IP_REDACTED]]: 550 5.1.1 <noexiste-mas-soc-184805-019@phisdefense.com>: Recipient address rejected: User unknown in local recipient table; from=<dmarc@phisdefense.com> to=<noexiste-mas-soc-184805-019@phisdefense.com> proto=ESMTP helo=<tfm-soc-real.local>
AUTO-SOC-0067,recipient_unknown,recipient_unknown,bloqueado,rechazado,dmarc@phisdefense.com,noexiste-mas-soc-184805-020@phisdefense.com,Detectado automaticamente en syslog: Jul  2 18:49:27 mail postfix/smtpd[554680]: NOQUEUE: reject: RCPT from localhost[[IP_REDACTED]]: 550 5.1.1 <noexiste-mas-soc-184805-020@phisdefense.com>: Recipient address rejected: User unknown in local recipient table; from=<dmarc@phisdefense.com> to=<noexiste-mas-soc-184805-020@phisdefense.com> proto=ESMTP helo=<tfm-soc-real.local>
AUTO-SOC-0068,spoofing_reject,spoofing,spoofing,rechazado,SRS1=IAYg=cyberofficer.be==kmsj=E5=phisdefense.com=[EMAIL_REDACTED],dmarc@phisdefense.com,Detectado automaticamente en syslog: Jul  3 15:41:44 mail postfix/cleanup[651777]: A3FA34FA5F: milter-reject: END-OF-MESSAGE from unknown[[IP_REDACTED]]: 5.7.1 rejected by DMARC policy for phisdefense.com; from=<SRS1=IAYg=cyberofficer.be==kmsj=E5=phisdefense.com=[EMAIL_REDACTED]> to=<dmarc@phisdefense.com> proto=ESMTP helo=<mail.cyberofficer.be>
AUTO-SOC-0069,recipient_unknown,recipient_unknown,bloqueado,rechazado,no_aplica,spoof-lab@phisdefense.com,Detectado automaticamente en syslog: Jul  3 15:41:45 mail postfix/smtpd[651773]: NOQUEUE: reject: RCPT from unknown[[IP_REDACTED]]: 550 5.1.1 <spoof-lab@phisdefense.com>: Recipient address rejected: User unknown in local recipient table; from=<> to=<spoof-lab@phisdefense.com> proto=ESMTP helo=<mail.cyberofficer.be>
AUTO-SOC-0070,spoofing_reject,spoofing,spoofing,rechazado,SRS1=IAYg=cyberofficer.be==kmsj=E5=phisdefense.com=[EMAIL_REDACTED],dmarc@phisdefense.com,Detectado automaticamente en syslog: Jul  3 15:42:42 mail postfix/cleanup[651777]: 412E24FA61: milter-reject: END-OF-MESSAGE from unknown[[IP_REDACTED]]: 5.7.1 rejected by DMARC policy for phisdefense.com; from=<SRS1=IAYg=cyberofficer.be==kmsj=E5=phisdefense.com=[EMAIL_REDACTED]> to=<dmarc@phisdefense.com> proto=ESMTP helo=<mail.cyberofficer.be>
AUTO-SOC-0071,recipient_unknown,recipient_unknown,bloqueado,rechazado,no_aplica,spoof-lab@phisdefense.com,Detectado automaticamente en syslog: Jul  3 15:42:42 mail postfix/smtpd[651773]: NOQUEUE: reject: RCPT from unknown[[IP_REDACTED]]: 550 5.1.1 <spoof-lab@phisdefense.com>: Recipient address rejected: User unknown in local recipient table; from=<> to=<spoof-lab@phisdefense.com> proto=ESMTP helo=<mail.cyberofficer.be>
DKIMABSENT-REAL-182453-001,dkim_absent,dkim_absent,bloqueado,validacion_tecnica,soc_extra_real_persistente,test@phisdefense.com,Prueba real persistida: selector DKIM ausente validado mediante DNS. Evidencia: DKIMABSENT-REAL-182453-001.txt
DKIMABSENT-REAL-182453-002,dkim_absent,dkim_absent,bloqueado,validacion_tecnica,soc_extra_real_persistente,test@phisdefense.com,Prueba real persistida: selector DKIM ausente validado mediante DNS. Evidencia: DKIMABSENT-REAL-182453-002.txt
DKIMBROKEN-REAL-182453-001,dkim_broken,dkim_broken,fallo_dkim,validacion_tecnica,soc_extra_real_persistente,test@phisdefense.com,Prueba real persistida: DKIM roto validado con herramienta/evidencia técnica. Evidencia: DKIMBROKEN-REAL-182453-001.txt
DKIMBROKEN-REAL-182453-002,dkim_broken,dkim_broken,fallo_dkim,validacion_tecnica,soc_extra_real_persistente,test@phisdefense.com,Prueba real persistida: DKIM roto validado con herramienta/evidencia técnica. Evidencia: DKIMBROKEN-REAL-182453-002.txt
LOOKALIKE-REAL-182453-002,lookalike_domain,lookalike_domain,sospechoso,validacion_tecnica,soc_extra_real_persistente,test@phisdefense.com,Prueba real persistida: dominio lookalike evaluado mediante DNS. Evidencia: LOOKALIKE-REAL-182453-002.txt
SPFFAIL-REAL-182453-001,spf_fail,spf_fail,bloqueado,validacion_tecnica,soc_extra_real_persistente,test@phisdefense.com,Prueba real persistida: SPF negativo validado mediante consulta/herramienta real. Evidencia: SPFFAIL-REAL-182453-001.txt
SPFFAIL-REAL-182453-002,spf_fail,spf_fail,bloqueado,validacion_tecnica,soc_extra_real_persistente,test@phisdefense.com,Prueba real persistida: SPF negativo validado mediante consulta/herramienta real. Evidencia: SPFFAIL-REAL-182453-002.txt
TLSIMAPS-REAL-182453-001,tls_imaps,tls_ok,seguro,validacion_tecnica,soc_extra_real_persistente,test@phisdefense.com,Prueba real persistida: negociación TLS IMAPS validada con evidencia. Evidencia: TLSIMAPS-REAL-182453-001.txt
TLSIMAPS-REAL-182453-002,tls_imaps,tls_ok,seguro,validacion_tecnica,soc_extra_real_persistente,test@phisdefense.com,Prueba real persistida: negociación TLS IMAPS validada con evidencia. Evidencia: TLSIMAPS-REAL-182453-002.txt
TLSIMAPS-REAL-182453-003,tls_imaps,tls_ok,seguro,validacion_tecnica,soc_extra_real_persistente,test@phisdefense.com,Prueba real persistida: negociación TLS IMAPS validada con evidencia. Evidencia: TLSIMAPS-REAL-182453-003.txt
TLSSTARTTLS-REAL-182453-001,tls_starttls_smtp,tls_ok,seguro,validacion_tecnica,soc_extra_real_persistente,test@phisdefense.com,Prueba real persistida: negociación STARTTLS SMTP validada con evidencia. Evidencia: TLSSTARTTLS-REAL-182453-001.txt
TLSSTARTTLS-REAL-182453-002,tls_starttls_smtp,tls_ok,seguro,validacion_tecnica,soc_extra_real_persistente,test@phisdefense.com,Prueba real persistida: negociación STARTTLS SMTP validada con evidencia. Evidencia: TLSSTARTTLS-REAL-182453-002.txt
TLSSTARTTLS-REAL-182453-003,tls_starttls_smtp,tls_ok,seguro,validacion_tecnica,soc_extra_real_persistente,test@phisdefense.com,Prueba real persistida: negociación STARTTLS SMTP validada con evidencia. Evidencia: TLSSTARTTLS-REAL-182453-003.txt
TLSSTARTTLS-REAL-182453-004,tls_starttls_smtp,tls_ok,seguro,validacion_tecnica,soc_extra_real_persistente,test@phisdefense.com,Prueba real persistida: negociación STARTTLS SMTP validada con evidencia. Evidencia: TLSSTARTTLS-REAL-182453-004.txt
AUTHFAIL-REAL-184805-001,auth_fail,auth_fail,bloqueado,rechazado,soc_extra_real_persistente,test@phisdefense.com,SMTP AUTH fallido real validado por syslog.
AUTHFAIL-REAL-184805-002,auth_fail,auth_fail,bloqueado,rechazado,soc_extra_real_persistente,test@phisdefense.com,SMTP AUTH fallido real validado por syslog.
AUTHFAIL-REAL-184805-003,auth_fail,auth_fail,bloqueado,rechazado,soc_extra_real_persistente,test@phisdefense.com,SMTP AUTH fallido real validado por syslog.
AUTHFAIL-REAL-184805-004,auth_fail,auth_fail,bloqueado,rechazado,soc_extra_real_persistente,test@phisdefense.com,SMTP AUTH fallido real validado por syslog.
AUTHFAIL-REAL-184805-005,auth_fail,auth_fail,bloqueado,rechazado,soc_extra_real_persistente,test@phisdefense.com,SMTP AUTH fallido real validado por syslog.
AUTHFAIL-REAL-184805-006,auth_fail,auth_fail,bloqueado,rechazado,soc_extra_real_persistente,test@phisdefense.com,SMTP AUTH fallido real validado por syslog.
AUTHFAIL-REAL-184805-007,auth_fail,auth_fail,bloqueado,rechazado,soc_extra_real_persistente,test@phisdefense.com,SMTP AUTH fallido real validado por syslog.
AUTHFAIL-REAL-184805-008,auth_fail,auth_fail,bloqueado,rechazado,soc_extra_real_persistente,test@phisdefense.com,SMTP AUTH fallido real validado por syslog.
AUTHFAIL-REAL-184805-009,auth_fail,auth_fail,bloqueado,rechazado,soc_extra_real_persistente,test@phisdefense.com,SMTP AUTH fallido real validado por syslog.
AUTHFAIL-REAL-184805-010,auth_fail,auth_fail,bloqueado,rechazado,soc_extra_real_persistente,test@phisdefense.com,SMTP AUTH fallido real validado por syslog.
AUTHFAIL-REAL-184805-011,auth_fail,auth_fail,bloqueado,rechazado,soc_extra_real_persistente,test@phisdefense.com,SMTP AUTH fallido real validado por syslog.
AUTHFAIL-REAL-184805-012,auth_fail,auth_fail,bloqueado,rechazado,soc_extra_real_persistente,test@phisdefense.com,SMTP AUTH fallido real validado por syslog.
AUTHFAIL-REAL-184805-013,auth_fail,auth_fail,bloqueado,rechazado,soc_extra_real_persistente,test@phisdefense.com,SMTP AUTH fallido real validado por syslog.
AUTHFAIL-REAL-184805-014,auth_fail,auth_fail,bloqueado,rechazado,soc_extra_real_persistente,test@phisdefense.com,SMTP AUTH fallido real validado por syslog.
AUTHFAIL-REAL-184805-015,auth_fail,auth_fail,bloqueado,rechazado,soc_extra_real_persistente,test@phisdefense.com,SMTP AUTH fallido real validado por syslog.
AUTHFAIL-REAL-184805-016,auth_fail,auth_fail,bloqueado,rechazado,soc_extra_real_persistente,test@phisdefense.com,SMTP AUTH fallido real validado por syslog.
AUTHFAIL-REAL-184805-017,auth_fail,auth_fail,bloqueado,rechazado,soc_extra_real_persistente,test@phisdefense.com,SMTP AUTH fallido real validado por syslog.
AUTHFAIL-REAL-184805-018,auth_fail,auth_fail,bloqueado,rechazado,soc_extra_real_persistente,test@phisdefense.com,SMTP AUTH fallido real validado por syslog.
AUTHFAIL-REAL-184805-019,auth_fail,auth_fail,bloqueado,rechazado,soc_extra_real_persistente,test@phisdefense.com,SMTP AUTH fallido real validado por syslog.
AUTHFAIL-REAL-184805-020,auth_fail,auth_fail,bloqueado,rechazado,soc_extra_real_persistente,test@phisdefense.com,SMTP AUTH fallido real validado por syslog.
RCPTUNKNOWN-REAL-184805-001,recipient_unknown,recipient_unknown,bloqueado,rechazado,soc_extra_real_persistente,test@phisdefense.com,Destinatario inexistente rechazado realmente por SMTP.
RCPTUNKNOWN-REAL-184805-002,recipient_unknown,recipient_unknown,bloqueado,rechazado,soc_extra_real_persistente,test@phisdefense.com,Destinatario inexistente rechazado realmente por SMTP.
RCPTUNKNOWN-REAL-184805-003,recipient_unknown,recipient_unknown,bloqueado,rechazado,soc_extra_real_persistente,test@phisdefense.com,Destinatario inexistente rechazado realmente por SMTP.
RCPTUNKNOWN-REAL-184805-004,recipient_unknown,recipient_unknown,bloqueado,rechazado,soc_extra_real_persistente,test@phisdefense.com,Destinatario inexistente rechazado realmente por SMTP.
RCPTUNKNOWN-REAL-184805-005,recipient_unknown,recipient_unknown,bloqueado,rechazado,soc_extra_real_persistente,test@phisdefense.com,Destinatario inexistente rechazado realmente por SMTP.
RCPTUNKNOWN-REAL-184805-006,recipient_unknown,recipient_unknown,bloqueado,rechazado,soc_extra_real_persistente,test@phisdefense.com,Destinatario inexistente rechazado realmente por SMTP.
RCPTUNKNOWN-REAL-184805-007,recipient_unknown,recipient_unknown,bloqueado,rechazado,soc_extra_real_persistente,test@phisdefense.com,Destinatario inexistente rechazado realmente por SMTP.
RCPTUNKNOWN-REAL-184805-008,recipient_unknown,recipient_unknown,bloqueado,rechazado,soc_extra_real_persistente,test@phisdefense.com,Destinatario inexistente rechazado realmente por SMTP.
RCPTUNKNOWN-REAL-184805-009,recipient_unknown,recipient_unknown,bloqueado,rechazado,soc_extra_real_persistente,test@phisdefense.com,Destinatario inexistente rechazado realmente por SMTP.
RCPTUNKNOWN-REAL-184805-010,recipient_unknown,recipient_unknown,bloqueado,rechazado,soc_extra_real_persistente,test@phisdefense.com,Destinatario inexistente rechazado realmente por SMTP.
RCPTUNKNOWN-REAL-184805-011,recipient_unknown,recipient_unknown,bloqueado,rechazado,soc_extra_real_persistente,test@phisdefense.com,Destinatario inexistente rechazado realmente por SMTP.
RCPTUNKNOWN-REAL-184805-012,recipient_unknown,recipient_unknown,bloqueado,rechazado,soc_extra_real_persistente,test@phisdefense.com,Destinatario inexistente rechazado realmente por SMTP.
RCPTUNKNOWN-REAL-184805-013,recipient_unknown,recipient_unknown,bloqueado,rechazado,soc_extra_real_persistente,test@phisdefense.com,Destinatario inexistente rechazado realmente por SMTP.
RCPTUNKNOWN-REAL-184805-014,recipient_unknown,recipient_unknown,bloqueado,rechazado,soc_extra_real_persistente,test@phisdefense.com,Destinatario inexistente rechazado realmente por SMTP.
RCPTUNKNOWN-REAL-184805-015,recipient_unknown,recipient_unknown,bloqueado,rechazado,soc_extra_real_persistente,test@phisdefense.com,Destinatario inexistente rechazado realmente por SMTP.
RCPTUNKNOWN-REAL-184805-016,recipient_unknown,recipient_unknown,bloqueado,rechazado,soc_extra_real_persistente,test@phisdefense.com,Destinatario inexistente rechazado realmente por SMTP.
RCPTUNKNOWN-REAL-184805-017,recipient_unknown,recipient_unknown,bloqueado,rechazado,soc_extra_real_persistente,test@phisdefense.com,Destinatario inexistente rechazado realmente por SMTP.
RCPTUNKNOWN-REAL-184805-018,recipient_unknown,recipient_unknown,bloqueado,rechazado,soc_extra_real_persistente,test@phisdefense.com,Destinatario inexistente rechazado realmente por SMTP.
RCPTUNKNOWN-REAL-184805-019,recipient_unknown,recipient_unknown,bloqueado,rechazado,soc_extra_real_persistente,test@phisdefense.com,Destinatario inexistente rechazado realmente por SMTP.
RCPTUNKNOWN-REAL-184805-020,recipient_unknown,recipient_unknown,bloqueado,rechazado,soc_extra_real_persistente,test@phisdefense.com,Destinatario inexistente rechazado realmente por SMTP.
TLSSTARTTLS-REAL-184805-001,tls_starttls_smtp,tls_ok,seguro,validacion_tecnica,soc_extra_real_persistente,test@phisdefense.com,STARTTLS SMTP real validado con cipher.
TLSSTARTTLS-REAL-184805-002,tls_starttls_smtp,tls_ok,seguro,validacion_tecnica,soc_extra_real_persistente,test@phisdefense.com,STARTTLS SMTP real validado con cipher.
TLSSTARTTLS-REAL-184805-003,tls_starttls_smtp,tls_ok,seguro,validacion_tecnica,soc_extra_real_persistente,test@phisdefense.com,STARTTLS SMTP real validado con cipher.
TLSSTARTTLS-REAL-184805-004,tls_starttls_smtp,tls_ok,seguro,validacion_tecnica,soc_extra_real_persistente,test@phisdefense.com,STARTTLS SMTP real validado con cipher.
TLSSTARTTLS-REAL-184805-005,tls_starttls_smtp,tls_ok,seguro,validacion_tecnica,soc_extra_real_persistente,test@phisdefense.com,STARTTLS SMTP real validado con cipher.
TLSSTARTTLS-REAL-184805-006,tls_starttls_smtp,tls_ok,seguro,validacion_tecnica,soc_extra_real_persistente,test@phisdefense.com,STARTTLS SMTP real validado con cipher.
TLSSTARTTLS-REAL-184805-007,tls_starttls_smtp,tls_ok,seguro,validacion_tecnica,soc_extra_real_persistente,test@phisdefense.com,STARTTLS SMTP real validado con cipher.
TLSSTARTTLS-REAL-184805-008,tls_starttls_smtp,tls_ok,seguro,validacion_tecnica,soc_extra_real_persistente,test@phisdefense.com,STARTTLS SMTP real validado con cipher.
TLSSTARTTLS-REAL-184805-009,tls_starttls_smtp,tls_ok,seguro,validacion_tecnica,soc_extra_real_persistente,test@phisdefense.com,STARTTLS SMTP real validado con cipher.
TLSSTARTTLS-REAL-184805-010,tls_starttls_smtp,tls_ok,seguro,validacion_tecnica,soc_extra_real_persistente,test@phisdefense.com,STARTTLS SMTP real validado con cipher.
TLSIMAPS-REAL-184805-001,tls_imaps,tls_ok,seguro,validacion_tecnica,soc_extra_real_persistente,test@phisdefense.com,IMAPS TLS real validado con cipher.
TLSIMAPS-REAL-184805-002,tls_imaps,tls_ok,seguro,validacion_tecnica,soc_extra_real_persistente,test@phisdefense.com,IMAPS TLS real validado con cipher.
TLSIMAPS-REAL-184805-003,tls_imaps,tls_ok,seguro,validacion_tecnica,soc_extra_real_persistente,test@phisdefense.com,IMAPS TLS real validado con cipher.
TLSIMAPS-REAL-184805-004,tls_imaps,tls_ok,seguro,validacion_tecnica,soc_extra_real_persistente,test@phisdefense.com,IMAPS TLS real validado con cipher.
TLSIMAPS-REAL-184805-005,tls_imaps,tls_ok,seguro,validacion_tecnica,soc_extra_real_persistente,test@phisdefense.com,IMAPS TLS real validado con cipher.
TLSIMAPS-REAL-184805-006,tls_imaps,tls_ok,seguro,validacion_tecnica,soc_extra_real_persistente,test@phisdefense.com,IMAPS TLS real validado con cipher.
TLSIMAPS-REAL-184805-007,tls_imaps,tls_ok,seguro,validacion_tecnica,soc_extra_real_persistente,test@phisdefense.com,IMAPS TLS real validado con cipher.
TLSIMAPS-REAL-184805-008,tls_imaps,tls_ok,seguro,validacion_tecnica,soc_extra_real_persistente,test@phisdefense.com,IMAPS TLS real validado con cipher.
SPFFAIL-REAL-184805-001,spf_fail,spf_fail,bloqueado,validacion_tecnica,soc_extra_real_persistente,test@phisdefense.com,SPF fail real validado con herramienta/consulta DNS.
SPFFAIL-REAL-184805-002,spf_fail,spf_fail,bloqueado,validacion_tecnica,soc_extra_real_persistente,test@phisdefense.com,SPF fail real validado con herramienta/consulta DNS.
SPFFAIL-REAL-184805-003,spf_fail,spf_fail,bloqueado,validacion_tecnica,soc_extra_real_persistente,test@phisdefense.com,SPF fail real validado con herramienta/consulta DNS.
SPFFAIL-REAL-184805-004,spf_fail,spf_fail,bloqueado,validacion_tecnica,soc_extra_real_persistente,test@phisdefense.com,SPF fail real validado con herramienta/consulta DNS.
SPFFAIL-REAL-184805-005,spf_fail,spf_fail,bloqueado,validacion_tecnica,soc_extra_real_persistente,test@phisdefense.com,SPF fail real validado con herramienta/consulta DNS.
DKIMABSENT-REAL-184805-001,dkim_absent,dkim_absent,bloqueado,validacion_tecnica,soc_extra_real_persistente,test@phisdefense.com,Selector DKIM ausente validado por DNS.
DKIMABSENT-REAL-184805-002,dkim_absent,dkim_absent,bloqueado,validacion_tecnica,soc_extra_real_persistente,test@phisdefense.com,Selector DKIM ausente validado por DNS.
DKIMABSENT-REAL-184805-003,dkim_absent,dkim_absent,bloqueado,validacion_tecnica,soc_extra_real_persistente,test@phisdefense.com,Selector DKIM ausente validado por DNS.
DKIMABSENT-REAL-184805-004,dkim_absent,dkim_absent,bloqueado,validacion_tecnica,soc_extra_real_persistente,test@phisdefense.com,Selector DKIM ausente validado por DNS.
DKIMABSENT-REAL-184805-005,dkim_absent,dkim_absent,bloqueado,validacion_tecnica,soc_extra_real_persistente,test@phisdefense.com,Selector DKIM ausente validado por DNS.
DKIMROT-REAL-184805-001,dkim_rotation,dkim_rotation,seguro,validacion_tecnica,soc_extra_real_persistente,test@phisdefense.com,Selector DKIM s2026 validado por DNS.
DKIMROT-REAL-184805-002,dkim_rotation,dkim_rotation,seguro,validacion_tecnica,soc_extra_real_persistente,test@phisdefense.com,Selector DKIM s2026 validado por DNS.
DKIMROT-REAL-184805-003,dkim_rotation,dkim_rotation,seguro,validacion_tecnica,soc_extra_real_persistente,test@phisdefense.com,Selector DKIM s2026 validado por DNS.
DKIMROT-REAL-184805-004,dkim_rotation,dkim_rotation,seguro,validacion_tecnica,soc_extra_real_persistente,test@phisdefense.com,Selector DKIM s2026 validado por DNS.
DKIMROT-REAL-184805-005,dkim_rotation,dkim_rotation,seguro,validacion_tecnica,soc_extra_real_persistente,test@phisdefense.com,Selector DKIM s2026 validado por DNS.
DKIMBROKEN-REAL-184805-001,dkim_broken,dkim_broken,fallo_dkim,validacion_tecnica,soc_extra_real_persistente,test@phisdefense.com,DKIM roto validado con opendkim-testmsg.
DKIMBROKEN-REAL-184805-002,dkim_broken,dkim_broken,fallo_dkim,validacion_tecnica,soc_extra_real_persistente,test@phisdefense.com,DKIM roto validado con opendkim-testmsg.
DKIMBROKEN-REAL-184805-003,dkim_broken,dkim_broken,fallo_dkim,validacion_tecnica,soc_extra_real_persistente,test@phisdefense.com,DKIM roto validado con opendkim-testmsg.
DKIMBROKEN-REAL-184805-004,dkim_broken,dkim_broken,fallo_dkim,validacion_tecnica,soc_extra_real_persistente,test@phisdefense.com,DKIM roto validado con opendkim-testmsg.
DKIMBROKEN-REAL-184805-005,dkim_broken,dkim_broken,fallo_dkim,validacion_tecnica,soc_extra_real_persistente,test@phisdefense.com,DKIM roto validado con opendkim-testmsg.
LOOKALIKE-REAL-184805-001,lookalike_domain,lookalike_domain,sospechoso,validacion_tecnica,soc_extra_real_persistente,test@phisdefense.com,Dominio lookalike evaluado por DNS: ph1sdefense.com.
LOOKALIKE-REAL-184805-002,lookalike_domain,lookalike_domain,sospechoso,validacion_tecnica,soc_extra_real_persistente,test@phisdefense.com,Dominio lookalike evaluado por DNS: phisdefence.com.
LOOKALIKE-REAL-184805-003,lookalike_domain,lookalike_domain,sospechoso,validacion_tecnica,soc_extra_real_persistente,test@phisdefense.com,Dominio lookalike evaluado por DNS: phis-defense.com.
LOOKALIKE-REAL-184805-004,lookalike_domain,lookalike_domain,sospechoso,validacion_tecnica,soc_extra_real_persistente,test@phisdefense.com,Dominio lookalike evaluado por DNS: phisdefenses.com.
LOOKALIKE-REAL-184805-005,lookalike_domain,lookalike_domain,sospechoso,validacion_tecnica,soc_extra_real_persistente,test@phisdefense.com,Dominio lookalike evaluado por DNS: phisdéfense.com.
AUTHFAIL-REAL-181532-001,auth_fail,auth_fail,bloqueado,rechazado,soc_extra_real_persistente,test@phisdefense.com,Prueba real persistente: SMTP AUTH fallido validado por respuesta o syslog. Evidencia: AUTHFAIL-REAL-181532-001.txt
AUTHFAIL-REAL-181532-004,auth_fail,auth_fail,bloqueado,rechazado,soc_extra_real_persistente,test@phisdefense.com,Prueba real persistente: SMTP AUTH fallido validado por respuesta o syslog. Evidencia: AUTHFAIL-REAL-181532-004.txt
RCPTUNKNOWN-REAL-181532-001,recipient_unknown,recipient_unknown,bloqueado,rechazado,soc_extra_real_persistente,test@phisdefense.com,Prueba real persistente: destinatario inexistente rechazado por SMTP. Evidencia: RCPTUNKNOWN-REAL-181532-001.txt
RCPTUNKNOWN-REAL-181532-002,recipient_unknown,recipient_unknown,bloqueado,rechazado,soc_extra_real_persistente,test@phisdefense.com,Prueba real persistente: destinatario inexistente rechazado por SMTP. Evidencia: RCPTUNKNOWN-REAL-181532-002.txt
RCPTUNKNOWN-REAL-181532-003,recipient_unknown,recipient_unknown,bloqueado,rechazado,soc_extra_real_persistente,test@phisdefense.com,Prueba real persistente: destinatario inexistente rechazado por SMTP. Evidencia: RCPTUNKNOWN-REAL-181532-003.txt
RCPTUNKNOWN-REAL-181532-004,recipient_unknown,recipient_unknown,bloqueado,rechazado,soc_extra_real_persistente,test@phisdefense.com,Prueba real persistente: destinatario inexistente rechazado por SMTP. Evidencia: RCPTUNKNOWN-REAL-181532-004.txt
RCPTUNKNOWN-REAL-181532-005,recipient_unknown,recipient_unknown,bloqueado,rechazado,soc_extra_real_persistente,test@phisdefense.com,Prueba real persistente: destinatario inexistente rechazado por SMTP. Evidencia: RCPTUNKNOWN-REAL-181532-005.txt
TLSIMAPS-REAL-181532-001,tls_imaps,tls_ok,seguro,validacion_tecnica,soc_extra_real_persistente,test@phisdefense.com,Prueba real persistente: IMAPS TLS negociado con cipher TLS. Evidencia: TLSIMAPS-REAL-181532-001.txt
TLSIMAPS-REAL-181532-002,tls_imaps,tls_ok,seguro,validacion_tecnica,soc_extra_real_persistente,test@phisdefense.com,Prueba real persistente: IMAPS TLS negociado con cipher TLS. Evidencia: TLSIMAPS-REAL-181532-002.txt
TLSSTARTTLS-REAL-181532-001,tls_starttls_smtp,tls_ok,seguro,validacion_tecnica,soc_extra_real_persistente,test@phisdefense.com,Prueba real persistente: STARTTLS SMTP negociado con cipher TLS. Evidencia: TLSSTARTTLS-REAL-181532-001.txt
TLSSTARTTLS-REAL-181532-002,tls_starttls_smtp,tls_ok,seguro,validacion_tecnica,soc_extra_real_persistente,test@phisdefense.com,Prueba real persistente: STARTTLS SMTP negociado con cipher TLS. Evidencia: TLSSTARTTLS-REAL-181532-002.txt
TLSSTARTTLS-REAL-181532-003,tls_starttls_smtp,tls_ok,seguro,validacion_tecnica,soc_extra_real_persistente,test@phisdefense.com,Prueba real persistente: STARTTLS SMTP negociado con cipher TLS. Evidencia: TLSSTARTTLS-REAL-181532-003.txt
TLSSTARTTLS-REAL-181532-004,tls_starttls_smtp,tls_ok,seguro,validacion_tecnica,soc_extra_real_persistente,test@phisdefense.com,Prueba real persistente: STARTTLS SMTP negociado con cipher TLS. Evidencia: TLSSTARTTLS-REAL-181532-004.txt
